{
  "model": "hf_rubert_baseline",
  "seed": 42,
  "best_val_ua": 0.6143448129760072,
  "final_val_metrics": {
    "weighted_accuracy": 0.71123113759118,
    "unweighted_accuracy": 0.6143448129760072,
    "macro_f1": 0.5743226262682037,
    "per_class_f1": {
      "angry": 0.6795366795366795,
      "sad": 0.2425339366515837,
      "neutral": 0.8026708692767087,
      "positive": 0.5725490196078431
    },
    "confusion_matrix": [
      [
        1672,
        54,
        296,
        43
      ],
      [
        150,
        402,
        1754,
        82
      ],
      [
        953,
        453,
        9677,
        902
      ],
      [
        81,
        18,
        400,
        1022
      ]
    ]
  },
  "total_time_sec": 5652.334795713425,
  "config": {
    "model_name": "hf_rubert_baseline",
    "seed": 42,
    "max_samples": null,
    "batch_size": 32,
    "lr": 2e-05,
    "freeze_bert": false,
    "weight_method": "sqrt_inverse"
  }
}